Price,Maint,Doors,Persons,Lug_boot,Safety,Value,Weight,Cost
vhigh,vhigh,2,2,small,low,unacc,4,52507
vhigh,vhigh,2,2,small,med,unacc,3,30040
vhigh,vhigh,2,2,small,high,unacc,2,24715
vhigh,vhigh,2,2,med,low,unacc,4,45763
vhigh,vhigh,2,2,med,med,unacc,2,36208
vhigh,vhigh,2,2,med,high,unacc,2,49817
vhigh,vhigh,2,2,big,low,unacc,3,49371
vhigh,vhigh,2,2,big,med,unacc,4,21867
vhigh,vhigh,2,2,big,high,unacc,1,26070
vhigh,vhigh,2,4,small,low,unacc,3,32901
vhigh,vhigh,2,4,small,med,unacc,1,43886
vhigh,vhigh,2,4,small,high,unacc,2,32509
vhigh,vhigh,2,4,med,low,unacc,3,62625
vhigh,vhigh,2,4,med,med,unacc,2,58316
vhigh,vhigh,2,4,med,high,unacc,1,40591
vhigh,vhigh,2,4,big,low,unacc,2,38077
vhigh,vhigh,2,4,big,med,unacc,2,26404
vhigh,vhigh,2,4,big,high,unacc,4,52305
vhigh,vhigh,2,more,small,low,unacc,1,31481
vhigh,vhigh,2,more,small,med,unacc,1,32786
vhigh,vhigh,2,more,small,high,unacc,2,26374
vhigh,vhigh,2,more,med,low,unacc,2,38348
vhigh,vhigh,2,more,med,med,unacc,4,25224
vhigh,vhigh,2,more,med,high,unacc,1,59516
vhigh,vhigh,2,more,big,low,unacc,2,64704
vhigh,vhigh,2,more,big,med,unacc,1,54303
vhigh,vhigh,2,more,big,high,unacc,1,21816
vhigh,vhigh,3,2,small,low,unacc,2,53580
vhigh,vhigh,3,2,small,med,unacc,3,38087
vhigh,vhigh,3,2,small,high,unacc,1,59875
vhigh,vhigh,3,2,med,low,unacc,1,56328
vhigh,vhigh,3,2,med,med,unacc,4,55156
vhigh,vhigh,3,2,med,high,unacc,1,50102
vhigh,vhigh,3,2,big,low,unacc,1,36527
vhigh,vhigh,3,2,big,med,unacc,4,36207
vhigh,vhigh,3,2,big,high,unacc,4,20846
vhigh,vhigh,3,4,small,low,unacc,1,32425
vhigh,vhigh,3,4,small,med,unacc,1,27317
vhigh,vhigh,3,4,small,high,unacc,1,30749
vhigh,vhigh,3,4,med,low,unacc,2,49212
vhigh,vhigh,3,4,med,med,unacc,4,21093
vhigh,vhigh,3,4,med,high,unacc,4,42043
vhigh,vhigh,3,4,big,low,unacc,4,53283
vhigh,vhigh,3,4,big,med,unacc,1,40445
vhigh,vhigh,3,4,big,high,unacc,4,51166
vhigh,vhigh,3,more,small,low,unacc,2,60153
vhigh,vhigh,3,more,small,med,unacc,4,23208
vhigh,vhigh,3,more,small,high,unacc,1,22470
vhigh,vhigh,3,more,med,low,unacc,2,25775
vhigh,vhigh,3,more,med,med,unacc,1,24063
vhigh,vhigh,3,more,med,high,unacc,2,54311
vhigh,vhigh,3,more,big,low,unacc,1,63616
vhigh,vhigh,3,more,big,med,unacc,4,51986
vhigh,vhigh,3,more,big,high,unacc,1,35484
vhigh,vhigh,4,2,small,low,unacc,3,23592
vhigh,vhigh,4,2,small,med,unacc,2,27804
vhigh,vhigh,4,2,small,high,unacc,4,52750
vhigh,vhigh,4,2,med,low,unacc,2,29226
vhigh,vhigh,4,2,med,med,unacc,4,56767
vhigh,vhigh,4,2,med,high,unacc,1,27416
vhigh,vhigh,4,2,big,low,unacc,4,49264
vhigh,vhigh,4,2,big,med,unacc,3,46809
vhigh,vhigh,4,2,big,high,unacc,4,29740
vhigh,vhigh,4,4,small,low,unacc,2,26479
vhigh,vhigh,4,4,small,med,unacc,1,39769
vhigh,vhigh,4,4,small,high,unacc,4,28532
vhigh,vhigh,4,4,med,low,unacc,3,46204
vhigh,vhigh,4,4,med,med,unacc,1,60101
vhigh,vhigh,4,4,med,high,unacc,1,28547
vhigh,vhigh,4,4,big,low,unacc,1,67013
vhigh,vhigh,4,4,big,med,unacc,4,35668
vhigh,vhigh,4,4,big,high,unacc,3,47815
vhigh,vhigh,4,more,small,low,unacc,1,51591
vhigh,vhigh,4,more,small,med,unacc,2,58742
vhigh,vhigh,4,more,small,high,unacc,1,45329
vhigh,vhigh,4,more,med,low,unacc,1,51511
vhigh,vhigh,4,more,med,med,unacc,4,31067
vhigh,vhigh,4,more,med,high,unacc,4,61897
vhigh,vhigh,4,more,big,low,unacc,2,34771
vhigh,vhigh,4,more,big,med,unacc,2,50801
vhigh,vhigh,4,more,big,high,unacc,3,68060
vhigh,vhigh,5more,2,small,low,unacc,3,59626
vhigh,vhigh,5more,2,small,med,unacc,2,34104
vhigh,vhigh,5more,2,small,high,unacc,4,56987
vhigh,vhigh,5more,2,med,low,unacc,1,59515
vhigh,vhigh,5more,2,med,med,unacc,1,53168
vhigh,vhigh,5more,2,med,high,unacc,3,31445
vhigh,vhigh,5more,2,big,low,unacc,2,44616
vhigh,vhigh,5more,2,big,med,unacc,4,35215
vhigh,vhigh,5more,2,big,high,unacc,4,28178
vhigh,vhigh,5more,4,small,low,unacc,2,69339
vhigh,vhigh,5more,4,small,med,unacc,2,42813
vhigh,vhigh,5more,4,small,high,unacc,4,62098
vhigh,vhigh,5more,4,med,low,unacc,2,60611
vhigh,vhigh,5more,4,med,med,unacc,4,47695
vhigh,vhigh,5more,4,med,high,unacc,3,55498
vhigh,vhigh,5more,4,big,low,unacc,3,44748
vhigh,vhigh,5more,4,big,med,unacc,2,32162
vhigh,vhigh,5more,4,big,high,unacc,1,67211
vhigh,vhigh,5more,more,small,low,unacc,1,63366
vhigh,vhigh,5more,more,small,med,unacc,3,37417
vhigh,vhigh,5more,more,small,high,unacc,4,49333
vhigh,vhigh,5more,more,med,low,unacc,3,55000
vhigh,vhigh,5more,more,med,med,unacc,1,29673
vhigh,vhigh,5more,more,med,high,unacc,4,57809
vhigh,vhigh,5more,more,big,low,unacc,4,62304
vhigh,vhigh,5more,more,big,med,unacc,3,40826
vhigh,vhigh,5more,more,big,high,unacc,3,23068
vhigh,high,2,2,small,low,unacc,4,50419
vhigh,high,2,2,small,med,unacc,4,27332
vhigh,high,2,2,small,high,unacc,4,57834
vhigh,high,2,2,med,low,unacc,4,68652
vhigh,high,2,2,med,med,unacc,2,31766
vhigh,high,2,2,med,high,unacc,4,56938
vhigh,high,2,2,big,low,unacc,3,23607
vhigh,high,2,2,big,med,unacc,1,22702
vhigh,high,2,2,big,high,unacc,4,45873
vhigh,high,2,4,small,low,unacc,2,59245
vhigh,high,2,4,small,med,unacc,3,53697
vhigh,high,2,4,small,high,unacc,4,40192
vhigh,high,2,4,med,low,unacc,1,45933
vhigh,high,2,4,med,med,unacc,4,28943
vhigh,high,2,4,med,high,unacc,4,58983
vhigh,high,2,4,big,low,unacc,1,56256
vhigh,high,2,4,big,med,unacc,3,61732
vhigh,high,2,4,big,high,unacc,2,34053
vhigh,high,2,more,small,low,unacc,2,28249
vhigh,high,2,more,small,med,unacc,4,32646
vhigh,high,2,more,small,high,unacc,4,50461
vhigh,high,2,more,med,low,unacc,3,67337
vhigh,high,2,more,med,med,unacc,2,54484
vhigh,high,2,more,med,high,unacc,3,22913
vhigh,high,2,more,big,low,unacc,1,52880
vhigh,high,2,more,big,med,unacc,2,45255
vhigh,high,2,more,big,high,unacc,1,22962
vhigh,high,3,2,small,low,unacc,4,54611
vhigh,high,3,2,small,med,unacc,4,54555
vhigh,high,3,2,small,high,unacc,4,23071
vhigh,high,3,2,med,low,unacc,4,38287
vhigh,high,3,2,med,med,unacc,4,55074
vhigh,high,3,2,med,high,unacc,1,69049
vhigh,high,3,2,big,low,unacc,3,57092
vhigh,high,3,2,big,med,unacc,2,39579
vhigh,high,3,2,big,high,unacc,4,34388
vhigh,high,3,4,small,low,unacc,4,56811
vhigh,high,3,4,small,med,unacc,1,38669
vhigh,high,3,4,small,high,unacc,1,50696
vhigh,high,3,4,med,low,unacc,3,49810
vhigh,high,3,4,med,med,unacc,2,56542
vhigh,high,3,4,med,high,unacc,1,44447
vhigh,high,3,4,big,low,unacc,3,44777
vhigh,high,3,4,big,med,unacc,1,61382
vhigh,high,3,4,big,high,unacc,4,68015
vhigh,high,3,more,small,low,unacc,2,28420
vhigh,high,3,more,small,med,unacc,2,36239
vhigh,high,3,more,small,high,unacc,3,47487
vhigh,high,3,more,med,low,unacc,1,47476
vhigh,high,3,more,med,med,unacc,3,46070
vhigh,high,3,more,med,high,unacc,3,48702
vhigh,high,3,more,big,low,unacc,4,36518
vhigh,high,3,more,big,med,unacc,2,59562
vhigh,high,3,more,big,high,unacc,1,61796
vhigh,high,4,2,small,low,unacc,2,39770
vhigh,high,4,2,small,med,unacc,4,65811
vhigh,high,4,2,small,high,unacc,4,62180
vhigh,high,4,2,med,low,unacc,2,67277
vhigh,high,4,2,med,med,unacc,3,56725
vhigh,high,4,2,med,high,unacc,3,63939
vhigh,high,4,2,big,low,unacc,1,35321
vhigh,high,4,2,big,med,unacc,1,36901
vhigh,high,4,2,big,high,unacc,2,33868
vhigh,high,4,4,small,low,unacc,3,60266
vhigh,high,4,4,small,med,unacc,4,53971
vhigh,high,4,4,small,high,unacc,1,66573
vhigh,high,4,4,med,low,unacc,2,47382
vhigh,high,4,4,med,med,unacc,3,60698
vhigh,high,4,4,med,high,unacc,2,59971
vhigh,high,4,4,big,low,unacc,3,35247
vhigh,high,4,4,big,med,unacc,2,59918
vhigh,high,4,4,big,high,unacc,4,22286
vhigh,high,4,more,small,low,unacc,2,48425
vhigh,high,4,more,small,med,unacc,3,28088
vhigh,high,4,more,small,high,unacc,3,22308
vhigh,high,4,more,med,low,unacc,2,61172
vhigh,high,4,more,med,med,unacc,3,60817
vhigh,high,4,more,med,high,unacc,1,47897
vhigh,high,4,more,big,low,unacc,4,29043
vhigh,high,4,more,big,med,unacc,3,28575
vhigh,high,4,more,big,high,unacc,3,58260
vhigh,high,5more,2,small,low,unacc,1,40075
vhigh,high,5more,2,small,med,unacc,1,32958
vhigh,high,5more,2,small,high,unacc,2,62333
vhigh,high,5more,2,med,low,unacc,4,27030
vhigh,high,5more,2,med,med,unacc,2,35008
vhigh,high,5more,2,med,high,unacc,1,64584
vhigh,high,5more,2,big,low,unacc,4,68049
vhigh,high,5more,2,big,med,unacc,2,65112
vhigh,high,5more,2,big,high,unacc,4,54398
vhigh,high,5more,4,small,low,unacc,4,41952
vhigh,high,5more,4,small,med,unacc,3,59225
vhigh,high,5more,4,small,high,unacc,4,50925
vhigh,high,5more,4,med,low,unacc,1,36503
vhigh,high,5more,4,med,med,unacc,3,30577
vhigh,high,5more,4,med,high,unacc,4,62198
vhigh,high,5more,4,big,low,unacc,2,41549
vhigh,high,5more,4,big,med,unacc,1,31168
vhigh,high,5more,4,big,high,unacc,4,49701
vhigh,high,5more,more,small,low,unacc,1,43309
vhigh,high,5more,more,small,med,unacc,3,54413
vhigh,high,5more,more,small,high,unacc,1,53587
vhigh,high,5more,more,med,low,unacc,4,32001
vhigh,high,5more,more,med,med,unacc,2,25010
vhigh,high,5more,more,med,high,unacc,4,39123
vhigh,high,5more,more,big,low,unacc,3,68733
vhigh,high,5more,more,big,med,unacc,4,48741
vhigh,high,5more,more,big,high,unacc,4,31350
vhigh,med,2,2,small,low,unacc,4,22358
vhigh,med,2,2,small,med,unacc,3,20359
vhigh,med,2,2,small,high,unacc,2,69834
vhigh,med,2,2,med,low,unacc,2,30539
vhigh,med,2,2,med,med,unacc,2,67599
vhigh,med,2,2,med,high,unacc,2,45180
vhigh,med,2,2,big,low,unacc,1,33297
vhigh,med,2,2,big,med,unacc,3,44956
vhigh,med,2,2,big,high,unacc,1,67446
vhigh,med,2,4,small,low,unacc,3,32575
vhigh,med,2,4,small,med,unacc,3,66790
vhigh,med,2,4,small,high,acc,3,30446
vhigh,med,2,4,med,low,unacc,3,38698
vhigh,med,2,4,med,med,unacc,3,55557
vhigh,med,2,4,med,high,acc,4,66894
vhigh,med,2,4,big,low,unacc,3,60156
vhigh,med,2,4,big,med,acc,3,56396
vhigh,med,2,4,big,high,acc,2,47968
vhigh,med,2,more,small,low,unacc,3,27043
vhigh,med,2,more,small,med,unacc,2,65106
vhigh,med,2,more,small,high,unacc,4,50250
vhigh,med,2,more,med,low,unacc,4,54204
vhigh,med,2,more,med,med,unacc,1,36548
vhigh,med,2,more,med,high,acc,2,66828
vhigh,med,2,more,big,low,unacc,4,64040
vhigh,med,2,more,big,med,acc,1,26740
vhigh,med,2,more,big,high,acc,4,59242
vhigh,med,3,2,small,low,unacc,4,52361
vhigh,med,3,2,small,med,unacc,2,64723
vhigh,med,3,2,small,high,unacc,2,54503
vhigh,med,3,2,med,low,unacc,2,46193
vhigh,med,3,2,med,med,unacc,1,65319
vhigh,med,3,2,med,high,unacc,2,60071
vhigh,med,3,2,big,low,unacc,4,59858
vhigh,med,3,2,big,med,unacc,3,65529
vhigh,med,3,2,big,high,unacc,2,28784
vhigh,med,3,4,small,low,unacc,3,23457
vhigh,med,3,4,small,med,unacc,1,49995
vhigh,med,3,4,small,high,acc,1,44152
vhigh,med,3,4,med,low,unacc,2,33945
vhigh,med,3,4,med,med,unacc,2,35013
vhigh,med,3,4,med,high,acc,4,35426
vhigh,med,3,4,big,low,unacc,4,49319
vhigh,med,3,4,big,med,acc,3,54994
vhigh,med,3,4,big,high,acc,1,55043
vhigh,med,3,more,small,low,unacc,3,30106
vhigh,med,3,more,small,med,unacc,1,54353
vhigh,med,3,more,small,high,acc,3,56296
vhigh,med,3,more,med,low,unacc,4,41464
vhigh,med,3,more,med,med,acc,4,27225
vhigh,med,3,more,med,high,acc,4,49709
vhigh,med,3,more,big,low,unacc,1,62898
vhigh,med,3,more,big,med,acc,4,49125
vhigh,med,3,more,big,high,acc,2,25138
vhigh,med,4,2,small,low,unacc,3,46294
vhigh,med,4,2,small,med,unacc,2,36749
vhigh,med,4,2,small,high,unacc,4,41166
vhigh,med,4,2,med,low,unacc,3,40608
vhigh,med,4,2,med,med,unacc,1,26394
vhigh,med,4,2,med,high,unacc,4,62107
vhigh,med,4,2,big,low,unacc,2,47958
vhigh,med,4,2,big,med,unacc,2,61614
vhigh,med,4,2,big,high,unacc,4,58678
vhigh,med,4,4,small,low,unacc,3,46915
vhigh,med,4,4,small,med,unacc,3,38800
vhigh,med,4,4,small,high,acc,3,64280
vhigh,med,4,4,med,low,unacc,3,60991
vhigh,med,4,4,med,med,acc,1,50740
vhigh,med,4,4,med,high,acc,3,29087
vhigh,med,4,4,big,low,unacc,2,60738
vhigh,med,4,4,big,med,acc,4,24268
vhigh,med,4,4,big,high,acc,4,44181
vhigh,med,4,more,small,low,unacc,1,34963
vhigh,med,4,more,small,med,unacc,1,29428
vhigh,med,4,more,small,high,acc,4,37240
vhigh,med,4,more,med,low,unacc,4,39980
vhigh,med,4,more,med,med,acc,3,48698
vhigh,med,4,more,med,high,acc,2,32352
vhigh,med,4,more,big,low,unacc,1,27130
vhigh,med,4,more,big,med,acc,4,59642
vhigh,med,4,more,big,high,acc,2,32314
vhigh,med,5more,2,small,low,unacc,2,48450
vhigh,med,5more,2,small,med,unacc,4,63880
vhigh,med,5more,2,small,high,unacc,3,60679
vhigh,med,5more,2,med,low,unacc,1,38228
vhigh,med,5more,2,med,med,unacc,3,61065
vhigh,med,5more,2,med,high,unacc,1,46740
vhigh,med,5more,2,big,low,unacc,1,21227
vhigh,med,5more,2,big,med,unacc,2,66534
vhigh,med,5more,2,big,high,unacc,2,50406
vhigh,med,5more,4,small,low,unacc,2,29578
vhigh,med,5more,4,small,med,unacc,3,29808
vhigh,med,5more,4,small,high,acc,3,67871
vhigh,med,5more,4,med,low,unacc,2,61115
vhigh,med,5more,4,med,med,acc,2,63537
vhigh,med,5more,4,med,high,acc,4,45817
vhigh,med,5more,4,big,low,unacc,4,48216
vhigh,med,5more,4,big,med,acc,4,64874
vhigh,med,5more,4,big,high,acc,4,36276
vhigh,med,5more,more,small,low,unacc,3,48930
vhigh,med,5more,more,small,med,unacc,4,38211
vhigh,med,5more,more,small,high,acc,3,36682
vhigh,med,5more,more,med,low,unacc,1,54833
vhigh,med,5more,more,med,med,acc,3,46765
vhigh,med,5more,more,med,high,acc,2,52837
vhigh,med,5more,more,big,low,unacc,3,65795
vhigh,med,5more,more,big,med,acc,2,46755
vhigh,med,5more,more,big,high,acc,4,69122
vhigh,low,2,2,small,low,unacc,3,44381
vhigh,low,2,2,small,med,unacc,1,38003
vhigh,low,2,2,small,high,unacc,1,25524
vhigh,low,2,2,med,low,unacc,4,39314
vhigh,low,2,2,med,med,unacc,4,25912
vhigh,low,2,2,med,high,unacc,2,56328
vhigh,low,2,2,big,low,unacc,2,61473
vhigh,low,2,2,big,med,unacc,1,62884
vhigh,low,2,2,big,high,unacc,2,47098
vhigh,low,2,4,small,low,unacc,1,55888
vhigh,low,2,4,small,med,unacc,4,21966
vhigh,low,2,4,small,high,acc,1,61010
vhigh,low,2,4,med,low,unacc,3,64747
vhigh,low,2,4,med,med,unacc,1,50010
vhigh,low,2,4,med,high,acc,2,59794
vhigh,low,2,4,big,low,unacc,2,51094
vhigh,low,2,4,big,med,acc,3,62480
vhigh,low,2,4,big,high,acc,4,58753
vhigh,low,2,more,small,low,unacc,1,40021
vhigh,low,2,more,small,med,unacc,1,38141
vhigh,low,2,more,small,high,unacc,4,48038
vhigh,low,2,more,med,low,unacc,4,31781
vhigh,low,2,more,med,med,unacc,3,20949
vhigh,low,2,more,med,high,acc,4,60945
vhigh,low,2,more,big,low,unacc,4,54524
vhigh,low,2,more,big,med,acc,1,28004
vhigh,low,2,more,big,high,acc,3,27476
vhigh,low,3,2,small,low,unacc,4,36709
vhigh,low,3,2,small,med,unacc,3,55837
vhigh,low,3,2,small,high,unacc,2,27717
vhigh,low,3,2,med,low,unacc,4,34596
vhigh,low,3,2,med,med,unacc,1,41570
vhigh,low,3,2,med,high,unacc,4,30230
vhigh,low,3,2,big,low,unacc,4,57810
vhigh,low,3,2,big,med,unacc,3,57989
vhigh,low,3,2,big,high,unacc,3,44209
vhigh,low,3,4,small,low,unacc,3,23787
vhigh,low,3,4,small,med,unacc,4,37684
vhigh,low,3,4,small,high,acc,3,33028
vhigh,low,3,4,med,low,unacc,1,26024
vhigh,low,3,4,med,med,unacc,4,69372
vhigh,low,3,4,med,high,acc,1,46305
vhigh,low,3,4,big,low,unacc,4,69774
vhigh,low,3,4,big,med,acc,4,45287
vhigh,low,3,4,big,high,acc,1,48442
vhigh,low,3,more,small,low,unacc,4,49547
vhigh,low,3,more,small,med,unacc,3,51345
vhigh,low,3,more,small,high,acc,1,22824
vhigh,low,3,more,med,low,unacc,1,46541
vhigh,low,3,more,med,med,acc,3,63540
vhigh,low,3,more,med,high,acc,2,38580
vhigh,low,3,more,big,low,unacc,4,60147
vhigh,low,3,more,big,med,acc,3,27988
vhigh,low,3,more,big,high,acc,1,45495
vhigh,low,4,2,small,low,unacc,4,39619
vhigh,low,4,2,small,med,unacc,3,44731
vhigh,low,4,2,small,high,unacc,4,65477
vhigh,low,4,2,med,low,unacc,1,59022
vhigh,low,4,2,med,med,unacc,2,64098
vhigh,low,4,2,med,high,unacc,3,59081
vhigh,low,4,2,big,low,unacc,4,21956
vhigh,low,4,2,big,med,unacc,1,40233
vhigh,low,4,2,big,high,unacc,3,45877
vhigh,low,4,4,small,low,unacc,2,25959
vhigh,low,4,4,small,med,unacc,1,64756
vhigh,low,4,4,small,high,acc,4,24608
vhigh,low,4,4,med,low,unacc,2,30529
vhigh,low,4,4,med,med,acc,4,69834
vhigh,low,4,4,med,high,acc,1,64077
vhigh,low,4,4,big,low,unacc,4,58532
vhigh,low,4,4,big,med,acc,3,40732
vhigh,low,4,4,big,high,acc,4,68466
vhigh,low,4,more,small,low,unacc,3,66842
vhigh,low,4,more,small,med,unacc,4,35501
vhigh,low,4,more,small,high,acc,1,30641
vhigh,low,4,more,med,low,unacc,1,27299
vhigh,low,4,more,med,med,acc,2,20205
vhigh,low,4,more,med,high,acc,1,24073
vhigh,low,4,more,big,low,unacc,1,35455
vhigh,low,4,more,big,med,acc,1,52559
vhigh,low,4,more,big,high,acc,4,45660
vhigh,low,5more,2,small,low,unacc,1,22942
vhigh,low,5more,2,small,med,unacc,4,56501
vhigh,low,5more,2,small,high,unacc,2,38841
vhigh,low,5more,2,med,low,unacc,3,55634
vhigh,low,5more,2,med,med,unacc,1,33257
vhigh,low,5more,2,med,high,unacc,3,28282
vhigh,low,5more,2,big,low,unacc,1,55118
vhigh,low,5more,2,big,med,unacc,2,48310
vhigh,low,5more,2,big,high,unacc,3,34458
vhigh,low,5more,4,small,low,unacc,1,29065
vhigh,low,5more,4,small,med,unacc,3,47503
vhigh,low,5more,4,small,high,acc,1,48236
vhigh,low,5more,4,med,low,unacc,4,49138
vhigh,low,5more,4,med,med,acc,1,69124
vhigh,low,5more,4,med,high,acc,3,21908
vhigh,low,5more,4,big,low,unacc,3,69760
vhigh,low,5more,4,big,med,acc,3,33917
vhigh,low,5more,4,big,high,acc,3,39547
vhigh,low,5more,more,small,low,unacc,3,67742
vhigh,low,5more,more,small,med,unacc,4,68070
vhigh,low,5more,more,small,high,acc,1,31690
vhigh,low,5more,more,med,low,unacc,3,67993
vhigh,low,5more,more,med,med,acc,2,55279
vhigh,low,5more,more,med,high,acc,3,46801
vhigh,low,5more,more,big,low,unacc,3,45873
vhigh,low,5more,more,big,med,acc,4,22016
vhigh,low,5more,more,big,high,acc,2,45135
high,vhigh,2,2,small,low,unacc,3,47735
high,vhigh,2,2,small,med,unacc,3,40899
high,vhigh,2,2,small,high,unacc,2,49029
high,vhigh,2,2,med,low,unacc,1,46912
high,vhigh,2,2,med,med,unacc,2,38030
high,vhigh,2,2,med,high,unacc,4,20667
high,vhigh,2,2,big,low,unacc,4,35356
high,vhigh,2,2,big,med,unacc,2,53017
high,vhigh,2,2,big,high,unacc,4,40367
high,vhigh,2,4,small,low,unacc,2,53864
high,vhigh,2,4,small,med,unacc,4,58212
high,vhigh,2,4,small,high,unacc,1,27400
high,vhigh,2,4,med,low,unacc,2,22282
high,vhigh,2,4,med,med,unacc,3,50510
high,vhigh,2,4,med,high,unacc,1,23476
high,vhigh,2,4,big,low,unacc,4,34800
high,vhigh,2,4,big,med,unacc,2,56347
high,vhigh,2,4,big,high,unacc,1,27139
high,vhigh,2,more,small,low,unacc,2,43237
high,vhigh,2,more,small,med,unacc,3,29702
high,vhigh,2,more,small,high,unacc,2,64428
high,vhigh,2,more,med,low,unacc,2,61227
high,vhigh,2,more,med,med,unacc,3,45207
high,vhigh,2,more,med,high,unacc,1,38642
high,vhigh,2,more,big,low,unacc,2,23791
high,vhigh,2,more,big,med,unacc,4,47050
high,vhigh,2,more,big,high,unacc,2,40780
high,vhigh,3,2,small,low,unacc,4,37091
high,vhigh,3,2,small,med,unacc,1,22876
high,vhigh,3,2,small,high,unacc,3,48276
high,vhigh,3,2,med,low,unacc,1,21359
high,vhigh,3,2,med,med,unacc,2,54872
high,vhigh,3,2,med,high,unacc,1,21629
high,vhigh,3,2,big,low,unacc,1,69615
high,vhigh,3,2,big,med,unacc,2,56723
high,vhigh,3,2,big,high,unacc,2,40918
high,vhigh,3,4,small,low,unacc,2,50762
high,vhigh,3,4,small,med,unacc,1,54470
high,vhigh,3,4,small,high,unacc,1,32308
high,vhigh,3,4,med,low,unacc,3,24065
high,vhigh,3,4,med,med,unacc,3,28730
high,vhigh,3,4,med,high,unacc,1,35164
high,vhigh,3,4,big,low,unacc,1,65824
high,vhigh,3,4,big,med,unacc,1,60446
high,vhigh,3,4,big,high,unacc,2,58884
high,vhigh,3,more,small,low,unacc,3,28802
high,vhigh,3,more,small,med,unacc,4,57018
high,vhigh,3,more,small,high,unacc,2,45927
high,vhigh,3,more,med,low,unacc,2,42804
high,vhigh,3,more,med,med,unacc,4,27035
high,vhigh,3,more,med,high,unacc,4,55430
high,vhigh,3,more,big,low,unacc,4,30714
high,vhigh,3,more,big,med,unacc,4,46485
high,vhigh,3,more,big,high,unacc,1,66875
high,vhigh,4,2,small,low,unacc,1,28007
high,vhigh,4,2,small,med,unacc,4,65075
high,vhigh,4,2,small,high,unacc,3,24791
high,vhigh,4,2,med,low,unacc,1,43026
high,vhigh,4,2,med,med,unacc,2,63692
high,vhigh,4,2,med,high,unacc,2,68511
high,vhigh,4,2,big,low,unacc,4,36556
high,vhigh,4,2,big,med,unacc,4,25430
high,vhigh,4,2,big,high,unacc,3,49437
high,vhigh,4,4,small,low,unacc,4,45264
high,vhigh,4,4,small,med,unacc,1,60561
high,vhigh,4,4,small,high,unacc,1,32637
high,vhigh,4,4,med,low,unacc,1,41988
high,vhigh,4,4,med,med,unacc,2,59064
high,vhigh,4,4,med,high,unacc,2,66964
high,vhigh,4,4,big,low,unacc,4,30388
high,vhigh,4,4,big,med,unacc,4,53990
high,vhigh,4,4,big,high,unacc,4,62399
high,vhigh,4,more,small,low,unacc,4,45780
high,vhigh,4,more,small,med,unacc,2,53806
high,vhigh,4,more,small,high,unacc,2,49381
high,vhigh,4,more,med,low,unacc,3,40334
high,vhigh,4,more,med,med,unacc,4,51520
high,vhigh,4,more,med,high,unacc,4,61982
high,vhigh,4,more,big,low,unacc,2,62440
high,vhigh,4,more,big,med,unacc,3,62282
high,vhigh,4,more,big,high,unacc,2,25753
high,vhigh,5more,2,small,low,unacc,4,68818
high,vhigh,5more,2,small,med,unacc,1,41518
high,vhigh,5more,2,small,high,unacc,2,41772
high,vhigh,5more,2,med,low,unacc,2,56287
high,vhigh,5more,2,med,med,unacc,2,61347
high,vhigh,5more,2,med,high,unacc,3,42713
high,vhigh,5more,2,big,low,unacc,1,24530
high,vhigh,5more,2,big,med,unacc,3,32368
high,vhigh,5more,2,big,high,unacc,2,32476
high,vhigh,5more,4,small,low,unacc,3,37889
high,vhigh,5more,4,small,med,unacc,1,20222
high,vhigh,5more,4,small,high,unacc,4,46748
high,vhigh,5more,4,med,low,unacc,4,59355
high,vhigh,5more,4,med,med,unacc,2,69981
high,vhigh,5more,4,med,high,unacc,4,28950
high,vhigh,5more,4,big,low,unacc,1,34847
high,vhigh,5more,4,big,med,unacc,3,55817
high,vhigh,5more,4,big,high,unacc,1,22370
high,vhigh,5more,more,small,low,unacc,4,61438
high,vhigh,5more,more,small,med,unacc,4,59269
high,vhigh,5more,more,small,high,unacc,2,26195
high,vhigh,5more,more,med,low,unacc,2,46571
high,vhigh,5more,more,med,med,unacc,4,43651
high,vhigh,5more,more,med,high,unacc,4,52691
high,vhigh,5more,more,big,low,unacc,4,25959
high,vhigh,5more,more,big,med,unacc,3,66317
high,vhigh,5more,more,big,high,unacc,3,33612
high,high,2,2,small,low,unacc,1,65200
high,high,2,2,small,med,unacc,4,29939
high,high,2,2,small,high,unacc,1,46235
high,high,2,2,med,low,unacc,3,36668
high,high,2,2,med,med,unacc,2,35979
high,high,2,2,med,high,unacc,2,20324
high,high,2,2,big,low,unacc,2,36748
high,high,2,2,big,med,unacc,3,42630
high,high,2,2,big,high,unacc,3,29267
high,high,2,4,small,low,unacc,1,30584
high,high,2,4,small,med,unacc,1,33184
high,high,2,4,small,high,acc,2,39766
high,high,2,4,med,low,unacc,4,38379
high,high,2,4,med,med,unacc,3,65905
high,high,2,4,med,high,acc,3,58381
high,high,2,4,big,low,unacc,1,57830
high,high,2,4,big,med,acc,1,21214
high,high,2,4,big,high,acc,1,41455
high,high,2,more,small,low,unacc,1,67834
high,high,2,more,small,med,unacc,4,43487
high,high,2,more,small,high,unacc,1,51429
high,high,2,more,med,low,unacc,3,63487
high,high,2,more,med,med,unacc,3,42681
high,high,2,more,med,high,acc,3,25264
high,high,2,more,big,low,unacc,2,59550
high,high,2,more,big,med,acc,4,67831
high,high,2,more,big,high,acc,4,32691
high,high,3,2,small,low,unacc,3,32728
high,high,3,2,small,med,unacc,4,65324
high,high,3,2,small,high,unacc,2,63224
high,high,3,2,med,low,unacc,3,33098
high,high,3,2,med,med,unacc,4,40951
high,high,3,2,med,high,unacc,3,20548
high,high,3,2,big,low,unacc,1,31366
high,high,3,2,big,med,unacc,3,44141
high,high,3,2,big,high,unacc,3,47931
high,high,3,4,small,low,unacc,3,46444
high,high,3,4,small,med,unacc,4,56759
high,high,3,4,small,high,acc,2,62093
high,high,3,4,med,low,unacc,4,29840
high,high,3,4,med,med,unacc,2,21267
high,high,3,4,med,high,acc,2,65921
high,high,3,4,big,low,unacc,1,32511
high,high,3,4,big,med,acc,4,68385
high,high,3,4,big,high,acc,1,21124
high,high,3,more,small,low,unacc,4,24017
high,high,3,more,small,med,unacc,1,63889
high,high,3,more,small,high,acc,3,60505
high,high,3,more,med,low,unacc,1,65235
high,high,3,more,med,med,acc,1,27409
high,high,3,more,med,high,acc,2,51900
high,high,3,more,big,low,unacc,1,44085
high,high,3,more,big,med,acc,1,56033
high,high,3,more,big,high,acc,4,25932
high,high,4,2,small,low,unacc,2,22753
high,high,4,2,small,med,unacc,2,44769
high,high,4,2,small,high,unacc,4,43987
high,high,4,2,med,low,unacc,2,24147
high,high,4,2,med,med,unacc,3,32285
high,high,4,2,med,high,unacc,1,60467
high,high,4,2,big,low,unacc,2,60808
high,high,4,2,big,med,unacc,4,60494
high,high,4,2,big,high,unacc,1,34617
high,high,4,4,small,low,unacc,4,32988
high,high,4,4,small,med,unacc,2,53051
high,high,4,4,small,high,acc,2,32674
high,high,4,4,med,low,unacc,2,67417
high,high,4,4,med,med,acc,2,51142
high,high,4,4,med,high,acc,1,46455
high,high,4,4,big,low,unacc,3,32830
high,high,4,4,big,med,acc,3,69085
high,high,4,4,big,high,acc,4,28831
high,high,4,more,small,low,unacc,3,31855
high,high,4,more,small,med,unacc,1,29842
high,high,4,more,small,high,acc,3,54361
high,high,4,more,med,low,unacc,2,50541
high,high,4,more,med,med,acc,1,27215
high,high,4,more,med,high,acc,4,30266
high,high,4,more,big,low,unacc,4,55017
high,high,4,more,big,med,acc,1,64691
high,high,4,more,big,high,acc,1,29069
high,high,5more,2,small,low,unacc,1,25995
high,high,5more,2,small,med,unacc,1,22301
high,high,5more,2,small,high,unacc,1,48572
high,high,5more,2,med,low,unacc,3,26430
high,high,5more,2,med,med,unacc,1,54418
high,high,5more,2,med,high,unacc,4,27256
high,high,5more,2,big,low,unacc,3,39685
high,high,5more,2,big,med,unacc,1,58954
high,high,5more,2,big,high,unacc,3,29402
high,high,5more,4,small,low,unacc,2,43474
high,high,5more,4,small,med,unacc,1,54230
high,high,5more,4,small,high,acc,2,62499
high,high,5more,4,med,low,unacc,2,51635
high,high,5more,4,med,med,acc,2,43294
high,high,5more,4,med,high,acc,4,42123
high,high,5more,4,big,low,unacc,3,42473
high,high,5more,4,big,med,acc,3,48606
high,high,5more,4,big,high,acc,3,40125
high,high,5more,more,small,low,unacc,2,47674
high,high,5more,more,small,med,unacc,1,21470
high,high,5more,more,small,high,acc,1,36446
high,high,5more,more,med,low,unacc,1,22636
high,high,5more,more,med,med,acc,1,65399
high,high,5more,more,med,high,acc,2,31070
high,high,5more,more,big,low,unacc,4,38604
high,high,5more,more,big,med,acc,4,58336
high,high,5more,more,big,high,acc,3,62552
high,med,2,2,small,low,unacc,1,65407
high,med,2,2,small,med,unacc,2,33013
high,med,2,2,small,high,unacc,2,49064
high,med,2,2,med,low,unacc,3,26575
high,med,2,2,med,med,unacc,3,50460
high,med,2,2,med,high,unacc,2,50933
high,med,2,2,big,low,unacc,2,60152
high,med,2,2,big,med,unacc,4,29471
high,med,2,2,big,high,unacc,2,25467
high,med,2,4,small,low,unacc,4,63072
high,med,2,4,small,med,unacc,3,29015
high,med,2,4,small,high,acc,2,34550
high,med,2,4,med,low,unacc,4,68849
high,med,2,4,med,med,unacc,1,42347
high,med,2,4,med,high,acc,4,64777
high,med,2,4,big,low,unacc,2,27239
high,med,2,4,big,med,acc,2,59567
high,med,2,4,big,high,acc,4,67492
high,med,2,more,small,low,unacc,1,28571
high,med,2,more,small,med,unacc,3,67344
high,med,2,more,small,high,unacc,3,26922
high,med,2,more,med,low,unacc,4,51709
high,med,2,more,med,med,unacc,3,65792
high,med,2,more,med,high,acc,4,23812
high,med,2,more,big,low,unacc,3,47167
high,med,2,more,big,med,acc,4,41269
high,med,2,more,big,high,acc,1,21641
high,med,3,2,small,low,unacc,1,22422
high,med,3,2,small,med,unacc,3,65606
high,med,3,2,small,high,unacc,4,26042
high,med,3,2,med,low,unacc,4,62348
high,med,3,2,med,med,unacc,3,20793
high,med,3,2,med,high,unacc,2,25376
high,med,3,2,big,low,unacc,3,51219
high,med,3,2,big,med,unacc,2,68165
high,med,3,2,big,high,unacc,4,52025
high,med,3,4,small,low,unacc,4,62701
high,med,3,4,small,med,unacc,3,53658
high,med,3,4,small,high,acc,3,55992
high,med,3,4,med,low,unacc,1,64257
high,med,3,4,med,med,unacc,1,51676
high,med,3,4,med,high,acc,2,38190
high,med,3,4,big,low,unacc,1,67753
high,med,3,4,big,med,acc,4,59030
high,med,3,4,big,high,acc,3,62269
high,med,3,more,small,low,unacc,2,37692
high,med,3,more,small,med,unacc,2,65417
high,med,3,more,small,high,acc,3,67471
high,med,3,more,med,low,unacc,1,48612
high,med,3,more,med,med,acc,2,61477
high,med,3,more,med,high,acc,4,25024
high,med,3,more,big,low,unacc,3,22197
high,med,3,more,big,med,acc,1,42499
high,med,3,more,big,high,acc,2,34400
high,med,4,2,small,low,unacc,1,66259
high,med,4,2,small,med,unacc,2,27442
high,med,4,2,small,high,unacc,1,38035
high,med,4,2,med,low,unacc,3,58609
high,med,4,2,med,med,unacc,3,46959
high,med,4,2,med,high,unacc,4,24804
high,med,4,2,big,low,unacc,4,32210
high,med,4,2,big,med,unacc,4,33791
high,med,4,2,big,high,unacc,2,37629
high,med,4,4,small,low,unacc,1,51878
high,med,4,4,small,med,unacc,3,54465
high,med,4,4,small,high,acc,1,44748
high,med,4,4,med,low,unacc,4,65357
high,med,4,4,med,med,acc,3,33883
high,med,4,4,med,high,acc,2,53451
high,med,4,4,big,low,unacc,4,45404
high,med,4,4,big,med,acc,4,47611
high,med,4,4,big,high,acc,2,42143
high,med,4,more,small,low,unacc,4,68066
high,med,4,more,small,med,unacc,2,34484
high,med,4,more,small,high,acc,2,48956
high,med,4,more,med,low,unacc,2,60714
high,med,4,more,med,med,acc,4,25049
high,med,4,more,med,high,acc,1,22910
high,med,4,more,big,low,unacc,1,34689
high,med,4,more,big,med,acc,3,31040
high,med,4,more,big,high,acc,3,49086
high,med,5more,2,small,low,unacc,3,35070
high,med,5more,2,small,med,unacc,3,38397
high,med,5more,2,small,high,unacc,3,44785
high,med,5more,2,med,low,unacc,2,47439
high,med,5more,2,med,med,unacc,2,35638
high,med,5more,2,med,high,unacc,2,31239
high,med,5more,2,big,low,unacc,2,33727
high,med,5more,2,big,med,unacc,4,58891
high,med,5more,2,big,high,unacc,4,40670
high,med,5more,4,small,low,unacc,2,67625
high,med,5more,4,small,med,unacc,1,47778
high,med,5more,4,small,high,acc,1,54031
high,med,5more,4,med,low,unacc,4,30146
high,med,5more,4,med,med,acc,4,22299
high,med,5more,4,med,high,acc,1,50110
high,med,5more,4,big,low,unacc,1,20015
high,med,5more,4,big,med,acc,2,55607
high,med,5more,4,big,high,acc,4,65227
high,med,5more,more,small,low,unacc,4,68925
high,med,5more,more,small,med,unacc,1,62885
high,med,5more,more,small,high,acc,1,32915
high,med,5more,more,med,low,unacc,2,42519
high,med,5more,more,med,med,acc,1,36897
high,med,5more,more,med,high,acc,2,44868
high,med,5more,more,big,low,unacc,3,20237
high,med,5more,more,big,med,acc,1,38000
high,med,5more,more,big,high,acc,4,43464
high,low,2,2,small,low,unacc,1,36193
high,low,2,2,small,med,unacc,2,48946
high,low,2,2,small,high,unacc,3,52623
high,low,2,2,med,low,unacc,1,67140
high,low,2,2,med,med,unacc,3,36457
high,low,2,2,med,high,unacc,3,55413
high,low,2,2,big,low,unacc,4,31160
high,low,2,2,big,med,unacc,3,65837
high,low,2,2,big,high,unacc,1,23574
high,low,2,4,small,low,unacc,2,60404
high,low,2,4,small,med,unacc,1,35210
high,low,2,4,small,high,acc,4,39960
high,low,2,4,med,low,unacc,1,60731
high,low,2,4,med,med,unacc,2,20066
high,low,2,4,med,high,acc,4,25307
high,low,2,4,big,low,unacc,1,57705
high,low,2,4,big,med,acc,2,45941
high,low,2,4,big,high,acc,1,58780
high,low,2,more,small,low,unacc,2,69351
high,low,2,more,small,med,unacc,3,49302
high,low,2,more,small,high,unacc,2,59616
high,low,2,more,med,low,unacc,1,53324
high,low,2,more,med,med,unacc,4,26636
high,low,2,more,med,high,acc,3,49496
high,low,2,more,big,low,unacc,1,30503
high,low,2,more,big,med,acc,2,20537
high,low,2,more,big,high,acc,2,65995
high,low,3,2,small,low,unacc,1,46737
high,low,3,2,small,med,unacc,2,29145
high,low,3,2,small,high,unacc,3,40032
high,low,3,2,med,low,unacc,4,29562
high,low,3,2,med,med,unacc,2,25894
high,low,3,2,med,high,unacc,1,65450
high,low,3,2,big,low,unacc,2,60766
high,low,3,2,big,med,unacc,1,68822
high,low,3,2,big,high,unacc,2,46431
high,low,3,4,small,low,unacc,1,46710
high,low,3,4,small,med,unacc,3,40772
high,low,3,4,small,high,acc,3,58317
high,low,3,4,med,low,unacc,4,41403
high,low,3,4,med,med,unacc,3,21618
high,low,3,4,med,high,acc,1,20458
high,low,3,4,big,low,unacc,2,21998
high,low,3,4,big,med,acc,2,67493
high,low,3,4,big,high,acc,2,49143
high,low,3,more,small,low,unacc,1,40855
high,low,3,more,small,med,unacc,1,40847
high,low,3,more,small,high,acc,1,59022
high,low,3,more,med,low,unacc,1,67393
high,low,3,more,med,med,acc,1,48230
high,low,3,more,med,high,acc,4,38441
high,low,3,more,big,low,unacc,1,40494
high,low,3,more,big,med,acc,3,56151
high,low,3,more,big,high,acc,4,60874
high,low,4,2,small,low,unacc,4,30663
high,low,4,2,small,med,unacc,3,33059
high,low,4,2,small,high,unacc,1,63678
high,low,4,2,med,low,unacc,4,28413
high,low,4,2,med,med,unacc,1,44637
high,low,4,2,med,high,unacc,1,59569
high,low,4,2,big,low,unacc,1,56309
high,low,4,2,big,med,unacc,3,53442
high,low,4,2,big,high,unacc,2,54179
high,low,4,4,small,low,unacc,3,50004
high,low,4,4,small,med,unacc,1,33215
high,low,4,4,small,high,acc,4,43430
high,low,4,4,med,low,unacc,2,39444
high,low,4,4,med,med,acc,3,40559
high,low,4,4,med,high,acc,2,33842
high,low,4,4,big,low,unacc,3,46372
high,low,4,4,big,med,acc,4,63839
high,low,4,4,big,high,acc,4,50292
high,low,4,more,small,low,unacc,2,25627
high,low,4,more,small,med,unacc,4,27266
high,low,4,more,small,high,acc,3,50695
high,low,4,more,med,low,unacc,1,57287
high,low,4,more,med,med,acc,4,20399
high,low,4,more,med,high,acc,2,45775
high,low,4,more,big,low,unacc,1,40130
high,low,4,more,big,med,acc,1,68592
high,low,4,more,big,high,acc,4,51369
high,low,5more,2,small,low,unacc,2,44034
high,low,5more,2,small,med,unacc,4,26754
high,low,5more,2,small,high,unacc,3,63702
high,low,5more,2,med,low,unacc,3,23109
high,low,5more,2,med,med,unacc,2,56846
high,low,5more,2,med,high,unacc,2,69006
high,low,5more,2,big,low,unacc,4,26477
high,low,5more,2,big,med,unacc,2,32407
high,low,5more,2,big,high,unacc,4,32070
high,low,5more,4,small,low,unacc,3,35179
high,low,5more,4,small,med,unacc,2,55266
high,low,5more,4,small,high,acc,2,37891
high,low,5more,4,med,low,unacc,3,46502
high,low,5more,4,med,med,acc,3,47185
high,low,5more,4,med,high,acc,1,61724
high,low,5more,4,big,low,unacc,4,64929
high,low,5more,4,big,med,acc,1,45744
high,low,5more,4,big,high,acc,4,23378
high,low,5more,more,small,low,unacc,1,60326
high,low,5more,more,small,med,unacc,3,26542
high,low,5more,more,small,high,acc,2,27570
high,low,5more,more,med,low,unacc,1,33698
high,low,5more,more,med,med,acc,1,26103
high,low,5more,more,med,high,acc,4,45164
high,low,5more,more,big,low,unacc,1,53631
high,low,5more,more,big,med,acc,4,69562
high,low,5more,more,big,high,acc,4,60135
med,vhigh,2,2,small,low,unacc,3,53223
med,vhigh,2,2,small,med,unacc,2,45783
med,vhigh,2,2,small,high,unacc,3,32591
med,vhigh,2,2,med,low,unacc,4,26665
med,vhigh,2,2,med,med,unacc,4,45694
med,vhigh,2,2,med,high,unacc,1,24785
med,vhigh,2,2,big,low,unacc,3,62382
med,vhigh,2,2,big,med,unacc,4,65208
med,vhigh,2,2,big,high,unacc,3,49241
med,vhigh,2,4,small,low,unacc,3,57378
med,vhigh,2,4,small,med,unacc,4,36453
med,vhigh,2,4,small,high,acc,1,57218
med,vhigh,2,4,med,low,unacc,4,30044
med,vhigh,2,4,med,med,unacc,4,37812
med,vhigh,2,4,med,high,acc,3,23120
med,vhigh,2,4,big,low,unacc,1,58708
med,vhigh,2,4,big,med,acc,1,65011
med,vhigh,2,4,big,high,acc,2,22798
med,vhigh,2,more,small,low,unacc,3,21261
med,vhigh,2,more,small,med,unacc,3,40426
med,vhigh,2,more,small,high,unacc,1,59241
med,vhigh,2,more,med,low,unacc,1,42223
med,vhigh,2,more,med,med,unacc,3,38915
med,vhigh,2,more,med,high,acc,4,29187
med,vhigh,2,more,big,low,unacc,1,46230
med,vhigh,2,more,big,med,acc,3,32640
med,vhigh,2,more,big,high,acc,1,50360
med,vhigh,3,2,small,low,unacc,1,44201
med,vhigh,3,2,small,med,unacc,3,68070
med,vhigh,3,2,small,high,unacc,2,50788
med,vhigh,3,2,med,low,unacc,2,45839
med,vhigh,3,2,med,med,unacc,3,63331
med,vhigh,3,2,med,high,unacc,2,27851
med,vhigh,3,2,big,low,unacc,1,48986
med,vhigh,3,2,big,med,unacc,4,65550
med,vhigh,3,2,big,high,unacc,2,29655
med,vhigh,3,4,small,low,unacc,1,37002
med,vhigh,3,4,small,med,unacc,1,69818
med,vhigh,3,4,small,high,acc,3,42837
med,vhigh,3,4,med,low,unacc,1,34521
med,vhigh,3,4,med,med,unacc,1,62471
med,vhigh,3,4,med,high,acc,3,45819
med,vhigh,3,4,big,low,unacc,4,29230
med,vhigh,3,4,big,med,acc,2,29855
med,vhigh,3,4,big,high,acc,2,46072
med,vhigh,3,more,small,low,unacc,2,45213
med,vhigh,3,more,small,med,unacc,3,35800
med,vhigh,3,more,small,high,acc,4,66077
med,vhigh,3,more,med,low,unacc,1,39358
med,vhigh,3,more,med,med,acc,2,65493
med,vhigh,3,more,med,high,acc,4,25911
med,vhigh,3,more,big,low,unacc,3,20451
med,vhigh,3,more,big,med,acc,2,37287
med,vhigh,3,more,big,high,acc,2,49174
med,vhigh,4,2,small,low,unacc,2,21385
med,vhigh,4,2,small,med,unacc,2,64392
med,vhigh,4,2,small,high,unacc,3,33602
med,vhigh,4,2,med,low,unacc,3,22684
med,vhigh,4,2,med,med,unacc,2,58131
med,vhigh,4,2,med,high,unacc,4,60233
med,vhigh,4,2,big,low,unacc,3,66599
med,vhigh,4,2,big,med,unacc,3,39348
med,vhigh,4,2,big,high,unacc,3,61001
med,vhigh,4,4,small,low,unacc,2,41352
med,vhigh,4,4,small,med,unacc,2,21217
med,vhigh,4,4,small,high,acc,2,57740
med,vhigh,4,4,med,low,unacc,3,51258
med,vhigh,4,4,med,med,acc,2,39438
med,vhigh,4,4,med,high,acc,2,56248
med,vhigh,4,4,big,low,unacc,1,35998
med,vhigh,4,4,big,med,acc,4,20944
med,vhigh,4,4,big,high,acc,3,66927
med,vhigh,4,more,small,low,unacc,1,35372
med,vhigh,4,more,small,med,unacc,3,50818
med,vhigh,4,more,small,high,acc,4,29841
med,vhigh,4,more,med,low,unacc,4,58174
med,vhigh,4,more,med,med,acc,2,21628
med,vhigh,4,more,med,high,acc,4,21159
med,vhigh,4,more,big,low,unacc,3,69055
med,vhigh,4,more,big,med,acc,3,50132
med,vhigh,4,more,big,high,acc,3,35587
med,vhigh,5more,2,small,low,unacc,3,26939
med,vhigh,5more,2,small,med,unacc,1,50601
med,vhigh,5more,2,small,high,unacc,2,25871
med,vhigh,5more,2,med,low,unacc,3,48175
med,vhigh,5more,2,med,med,unacc,2,69936
med,vhigh,5more,2,med,high,unacc,2,34054
med,vhigh,5more,2,big,low,unacc,4,54079
med,vhigh,5more,2,big,med,unacc,2,31013
med,vhigh,5more,2,big,high,unacc,1,52254
med,vhigh,5more,4,small,low,unacc,4,66886
med,vhigh,5more,4,small,med,unacc,2,63206
med,vhigh,5more,4,small,high,acc,1,59071
med,vhigh,5more,4,med,low,unacc,1,46520
med,vhigh,5more,4,med,med,acc,2,60416
med,vhigh,5more,4,med,high,acc,3,58160
med,vhigh,5more,4,big,low,unacc,4,56184
med,vhigh,5more,4,big,med,acc,3,20102
med,vhigh,5more,4,big,high,acc,4,26807
med,vhigh,5more,more,small,low,unacc,3,44563
med,vhigh,5more,more,small,med,unacc,4,34877
med,vhigh,5more,more,small,high,acc,1,40742
med,vhigh,5more,more,med,low,unacc,2,67078
med,vhigh,5more,more,med,med,acc,4,65233
med,vhigh,5more,more,med,high,acc,4,44542
med,vhigh,5more,more,big,low,unacc,4,62425
med,vhigh,5more,more,big,med,acc,4,54883
med,vhigh,5more,more,big,high,acc,2,44235
med,high,2,2,small,low,unacc,2,41232
med,high,2,2,small,med,unacc,4,39646
med,high,2,2,small,high,unacc,4,55641
med,high,2,2,med,low,unacc,3,50478
med,high,2,2,med,med,unacc,2,30576
med,high,2,2,med,high,unacc,2,37255
med,high,2,2,big,low,unacc,4,47758
med,high,2,2,big,med,unacc,2,37072
med,high,2,2,big,high,unacc,4,65300
med,high,2,4,small,low,unacc,4,27630
med,high,2,4,small,med,unacc,1,57515
med,high,2,4,small,high,acc,1,55304
med,high,2,4,med,low,unacc,1,38904
med,high,2,4,med,med,unacc,2,24153
med,high,2,4,med,high,acc,1,30104
med,high,2,4,big,low,unacc,1,24751
med,high,2,4,big,med,acc,3,58456
med,high,2,4,big,high,acc,4,37798
med,high,2,more,small,low,unacc,1,39926
med,high,2,more,small,med,unacc,1,67841
med,high,2,more,small,high,unacc,1,52667
med,high,2,more,med,low,unacc,2,27068
med,high,2,more,med,med,unacc,2,38876
med,high,2,more,med,high,acc,4,22472
med,high,2,more,big,low,unacc,2,32657
med,high,2,more,big,med,acc,3,49987
med,high,2,more,big,high,acc,2,63506
med,high,3,2,small,low,unacc,4,34745
med,high,3,2,small,med,unacc,2,57868
med,high,3,2,small,high,unacc,4,24019
med,high,3,2,med,low,unacc,1,45085
med,high,3,2,med,med,unacc,3,21086
med,high,3,2,med,high,unacc,2,27775
med,high,3,2,big,low,unacc,4,48904
med,high,3,2,big,med,unacc,1,28300
med,high,3,2,big,high,unacc,4,28885
med,high,3,4,small,low,unacc,2,49872
med,high,3,4,small,med,unacc,2,45714
med,high,3,4,small,high,acc,1,30943
med,high,3,4,med,low,unacc,3,44476
med,high,3,4,med,med,unacc,2,61224
med,high,3,4,med,high,acc,1,42924
med,high,3,4,big,low,unacc,2,41230
med,high,3,4,big,med,acc,1,61530
med,high,3,4,big,high,acc,1,52120
med,high,3,more,small,low,unacc,2,25924
med,high,3,more,small,med,unacc,4,39215
med,high,3,more,small,high,acc,1,30525
med,high,3,more,med,low,unacc,4,25194
med,high,3,more,med,med,acc,1,43317
med,high,3,more,med,high,acc,3,63407
med,high,3,more,big,low,unacc,1,58141
med,high,3,more,big,med,acc,3,38638
med,high,3,more,big,high,acc,1,64502
med,high,4,2,small,low,unacc,4,24959
med,high,4,2,small,med,unacc,2,45875
med,high,4,2,small,high,unacc,1,58726
med,high,4,2,med,low,unacc,2,58197
med,high,4,2,med,med,unacc,3,51207
med,high,4,2,med,high,unacc,1,67624
med,high,4,2,big,low,unacc,1,54631
med,high,4,2,big,med,unacc,2,55162
med,high,4,2,big,high,unacc,4,44640
med,high,4,4,small,low,unacc,2,53097
med,high,4,4,small,med,unacc,4,51555
med,high,4,4,small,high,acc,2,24695
med,high,4,4,med,low,unacc,3,27668
med,high,4,4,med,med,acc,2,41261
med,high,4,4,med,high,acc,3,63999
med,high,4,4,big,low,unacc,3,24676
med,high,4,4,big,med,acc,2,34048
med,high,4,4,big,high,acc,1,42861
med,high,4,more,small,low,unacc,3,24801
med,high,4,more,small,med,unacc,2,62938
med,high,4,more,small,high,acc,1,60327
med,high,4,more,med,low,unacc,4,37643
med,high,4,more,med,med,acc,1,67909
med,high,4,more,med,high,acc,2,54182
med,high,4,more,big,low,unacc,2,33476
med,high,4,more,big,med,acc,2,48416
med,high,4,more,big,high,acc,4,53297
med,high,5more,2,small,low,unacc,4,41980
med,high,5more,2,small,med,unacc,2,41478
med,high,5more,2,small,high,unacc,2,32711
med,high,5more,2,med,low,unacc,1,36197
med,high,5more,2,med,med,unacc,2,32935
med,high,5more,2,med,high,unacc,3,45173
med,high,5more,2,big,low,unacc,1,56103
med,high,5more,2,big,med,unacc,1,56801
med,high,5more,2,big,high,unacc,4,48299
med,high,5more,4,small,low,unacc,1,58546
med,high,5more,4,small,med,unacc,4,68635
med,high,5more,4,small,high,acc,4,24666
med,high,5more,4,med,low,unacc,1,21859
med,high,5more,4,med,med,acc,4,46795
med,high,5more,4,med,high,acc,1,52557
med,high,5more,4,big,low,unacc,3,67806
med,high,5more,4,big,med,acc,3,25208
med,high,5more,4,big,high,acc,3,22626
med,high,5more,more,small,low,unacc,2,41497
med,high,5more,more,small,med,unacc,1,40804
med,high,5more,more,small,high,acc,4,46188
med,high,5more,more,med,low,unacc,4,33788
med,high,5more,more,med,med,acc,2,29497
med,high,5more,more,med,high,acc,3,53018
med,high,5more,more,big,low,unacc,2,31911
med,high,5more,more,big,med,acc,3,49276
med,high,5more,more,big,high,acc,2,63554
med,med,2,2,small,low,unacc,2,53688
med,med,2,2,small,med,unacc,4,60955
med,med,2,2,small,high,unacc,4,30030
med,med,2,2,med,low,unacc,2,39687
med,med,2,2,med,med,unacc,2,46664
med,med,2,2,med,high,unacc,1,48665
med,med,2,2,big,low,unacc,2,64283
med,med,2,2,big,med,unacc,4,51070
med,med,2,2,big,high,unacc,3,40218
med,med,2,4,small,low,unacc,2,27559
med,med,2,4,small,med,acc,1,31181
med,med,2,4,small,high,acc,1,22462
med,med,2,4,med,low,unacc,4,22524
med,med,2,4,med,med,acc,1,51181
med,med,2,4,med,high,acc,4,64096
med,med,2,4,big,low,unacc,1,48575
med,med,2,4,big,med,acc,4,56378
med,med,2,4,big,high,vgood,4,46769
med,med,2,more,small,low,unacc,4,33486
med,med,2,more,small,med,unacc,4,49630
med,med,2,more,small,high,unacc,1,44877
med,med,2,more,med,low,unacc,2,59560
med,med,2,more,med,med,acc,2,50257
med,med,2,more,med,high,acc,2,20007
med,med,2,more,big,low,unacc,1,49231
med,med,2,more,big,med,acc,1,21074
med,med,2,more,big,high,vgood,2,33411
med,med,3,2,small,low,unacc,2,67405
med,med,3,2,small,med,unacc,3,43260
med,med,3,2,small,high,unacc,4,44115
med,med,3,2,med,low,unacc,3,56013
med,med,3,2,med,med,unacc,4,28947
med,med,3,2,med,high,unacc,2,32662
med,med,3,2,big,low,unacc,2,36912
med,med,3,2,big,med,unacc,1,65064
med,med,3,2,big,high,unacc,3,28469
med,med,3,4,small,low,unacc,2,39194
med,med,3,4,small,med,acc,4,26425
med,med,3,4,small,high,acc,2,58997
med,med,3,4,med,low,unacc,4,23121
med,med,3,4,med,med,acc,3,20871
med,med,3,4,med,high,acc,4,30331
med,med,3,4,big,low,unacc,1,23572
med,med,3,4,big,med,acc,3,28355
med,med,3,4,big,high,vgood,3,25845
med,med,3,more,small,low,unacc,3,53212
med,med,3,more,small,med,acc,2,56380
med,med,3,more,small,high,acc,4,43038
med,med,3,more,med,low,unacc,1,59063
med,med,3,more,med,med,acc,1,35668
med,med,3,more,med,high,vgood,2,45103
med,med,3,more,big,low,unacc,2,46172
med,med,3,more,big,med,acc,1,38322
med,med,3,more,big,high,vgood,4,48492
med,med,4,2,small,low,unacc,3,49849
med,med,4,2,small,med,unacc,2,57311
med,med,4,2,small,high,unacc,4,60661
med,med,4,2,med,low,unacc,1,59821
med,med,4,2,med,med,unacc,3,30224
med,med,4,2,med,high,unacc,1,34379
med,med,4,2,big,low,unacc,2,65212
med,med,4,2,big,med,unacc,3,52096
med,med,4,2,big,high,unacc,3,22652
med,med,4,4,small,low,unacc,2,57583
med,med,4,4,small,med,acc,3,51317
med,med,4,4,small,high,acc,4,54638
med,med,4,4,med,low,unacc,1,21181
med,med,4,4,med,med,acc,4,51615
med,med,4,4,med,high,vgood,1,25481
med,med,4,4,big,low,unacc,2,34029
med,med,4,4,big,med,acc,4,61577
med,med,4,4,big,high,vgood,3,67041
med,med,4,more,small,low,unacc,3,39218
med,med,4,more,small,med,acc,4,67592
med,med,4,more,small,high,acc,3,31076
med,med,4,more,med,low,unacc,4,53781
med,med,4,more,med,med,acc,1,56887
med,med,4,more,med,high,vgood,4,34185
med,med,4,more,big,low,unacc,2,54233
med,med,4,more,big,med,acc,3,37320
med,med,4,more,big,high,vgood,3,53213
med,med,5more,2,small,low,unacc,3,41002
med,med,5more,2,small,med,unacc,1,23033
med,med,5more,2,small,high,unacc,3,49928
med,med,5more,2,med,low,unacc,2,58670
med,med,5more,2,med,med,unacc,1,37407
med,med,5more,2,med,high,unacc,1,34895
med,med,5more,2,big,low,unacc,2,26654
med,med,5more,2,big,med,unacc,4,56784
med,med,5more,2,big,high,unacc,1,50458
med,med,5more,4,small,low,unacc,2,55658
med,med,5more,4,small,med,acc,1,29425
med,med,5more,4,small,high,acc,2,47357
med,med,5more,4,med,low,unacc,3,43024
med,med,5more,4,med,med,acc,1,66173
med,med,5more,4,med,high,vgood,4,40760
med,med,5more,4,big,low,unacc,3,27706
med,med,5more,4,big,med,acc,3,21384
med,med,5more,4,big,high,vgood,1,66968
med,med,5more,more,small,low,unacc,2,61358
med,med,5more,more,small,med,acc,3,69942
med,med,5more,more,small,high,acc,2,23959
med,med,5more,more,med,low,unacc,4,64098
med,med,5more,more,med,med,acc,1,52454
med,med,5more,more,med,high,vgood,2,57044
med,med,5more,more,big,low,unacc,1,26218
med,med,5more,more,big,med,acc,4,46467
med,med,5more,more,big,high,vgood,4,35845
med,low,2,2,small,low,unacc,1,68395
med,low,2,2,small,med,unacc,3,51757
med,low,2,2,small,high,unacc,3,51405
med,low,2,2,med,low,unacc,4,46316
med,low,2,2,med,med,unacc,4,64886
med,low,2,2,med,high,unacc,2,31534
med,low,2,2,big,low,unacc,1,58474
med,low,2,2,big,med,unacc,1,35389
med,low,2,2,big,high,unacc,1,32278
med,low,2,4,small,low,unacc,4,32778
med,low,2,4,small,med,acc,3,64318
med,low,2,4,small,high,good,2,41434
med,low,2,4,med,low,unacc,4,22245
med,low,2,4,med,med,acc,4,56594
med,low,2,4,med,high,good,1,61447
med,low,2,4,big,low,unacc,4,35847
med,low,2,4,big,med,good,3,67183
med,low,2,4,big,high,vgood,3,54758
med,low,2,more,small,low,unacc,4,50651
med,low,2,more,small,med,unacc,4,44604
med,low,2,more,small,high,unacc,1,69237
med,low,2,more,med,low,unacc,2,26495
med,low,2,more,med,med,acc,4,22781
med,low,2,more,med,high,good,1,56719
med,low,2,more,big,low,unacc,1,69977
med,low,2,more,big,med,good,4,26944
med,low,2,more,big,high,vgood,2,29267
med,low,3,2,small,low,unacc,2,32472
med,low,3,2,small,med,unacc,1,42805
med,low,3,2,small,high,unacc,1,55552
med,low,3,2,med,low,unacc,4,27326
med,low,3,2,med,med,unacc,1,24527
med,low,3,2,med,high,unacc,1,46671
med,low,3,2,big,low,unacc,3,36014
med,low,3,2,big,med,unacc,1,33147
med,low,3,2,big,high,unacc,3,24565
med,low,3,4,small,low,unacc,4,27359
med,low,3,4,small,med,acc,2,38906
med,low,3,4,small,high,good,2,28117
med,low,3,4,med,low,unacc,4,28254
med,low,3,4,med,med,acc,1,27007
med,low,3,4,med,high,good,3,30555
med,low,3,4,big,low,unacc,3,54412
med,low,3,4,big,med,good,3,38446
med,low,3,4,big,high,vgood,4,34809
med,low,3,more,small,low,unacc,1,35819
med,low,3,more,small,med,acc,1,68772
med,low,3,more,small,high,good,2,49033
med,low,3,more,med,low,unacc,1,27507
med,low,3,more,med,med,good,1,28378
med,low,3,more,med,high,vgood,4,59219
med,low,3,more,big,low,unacc,2,59143
med,low,3,more,big,med,good,2,30154
med,low,3,more,big,high,vgood,1,43148
med,low,4,2,small,low,unacc,4,57096
med,low,4,2,small,med,unacc,3,27505
med,low,4,2,small,high,unacc,1,40417
med,low,4,2,med,low,unacc,2,44376
med,low,4,2,med,med,unacc,1,23478
med,low,4,2,med,high,unacc,4,31574
med,low,4,2,big,low,unacc,4,24700
med,low,4,2,big,med,unacc,3,20707
med,low,4,2,big,high,unacc,1,39045
med,low,4,4,small,low,unacc,3,46937
med,low,4,4,small,med,acc,4,62731
med,low,4,4,small,high,good,1,62467
med,low,4,4,med,low,unacc,1,23335
med,low,4,4,med,med,good,4,28236
med,low,4,4,med,high,vgood,3,26931
med,low,4,4,big,low,unacc,4,34352
med,low,4,4,big,med,good,1,68986
med,low,4,4,big,high,vgood,1,67058
med,low,4,more,small,low,unacc,3,52805
med,low,4,more,small,med,acc,4,65319
med,low,4,more,small,high,good,2,57514
med,low,4,more,med,low,unacc,4,24431
med,low,4,more,med,med,good,4,58252
med,low,4,more,med,high,vgood,4,57653
med,low,4,more,big,low,unacc,4,23750
med,low,4,more,big,med,good,2,59095
med,low,4,more,big,high,vgood,2,59664
med,low,5more,2,small,low,unacc,2,26595
med,low,5more,2,small,med,unacc,1,51973
med,low,5more,2,small,high,unacc,3,39219
med,low,5more,2,med,low,unacc,2,36324
med,low,5more,2,med,med,unacc,2,20917
med,low,5more,2,med,high,unacc,1,39504
med,low,5more,2,big,low,unacc,4,30412
med,low,5more,2,big,med,unacc,4,66854
med,low,5more,2,big,high,unacc,4,50050
med,low,5more,4,small,low,unacc,2,61760
med,low,5more,4,small,med,acc,4,40404
med,low,5more,4,small,high,good,1,45759
med,low,5more,4,med,low,unacc,1,40040
med,low,5more,4,med,med,good,1,67100
med,low,5more,4,med,high,vgood,2,35452
med,low,5more,4,big,low,unacc,2,48392
med,low,5more,4,big,med,good,1,39611
med,low,5more,4,big,high,vgood,3,48819
med,low,5more,more,small,low,unacc,4,44280
med,low,5more,more,small,med,acc,4,60451
med,low,5more,more,small,high,good,3,53119
med,low,5more,more,med,low,unacc,4,60431
med,low,5more,more,med,med,good,2,44768
med,low,5more,more,med,high,vgood,4,25459
med,low,5more,more,big,low,unacc,1,32017
med,low,5more,more,big,med,good,1,54238
med,low,5more,more,big,high,vgood,2,46907
low,vhigh,2,2,small,low,unacc,2,57227
low,vhigh,2,2,small,med,unacc,1,27643
low,vhigh,2,2,small,high,unacc,4,48360
low,vhigh,2,2,med,low,unacc,1,22258
low,vhigh,2,2,med,med,unacc,2,37960
low,vhigh,2,2,med,high,unacc,4,58316
low,vhigh,2,2,big,low,unacc,2,60806
low,vhigh,2,2,big,med,unacc,2,69183
low,vhigh,2,2,big,high,unacc,1,39431
low,vhigh,2,4,small,low,unacc,3,53796
low,vhigh,2,4,small,med,unacc,2,46912
low,vhigh,2,4,small,high,acc,4,29016
low,vhigh,2,4,med,low,unacc,3,43283
low,vhigh,2,4,med,med,unacc,3,51177
low,vhigh,2,4,med,high,acc,4,60430
low,vhigh,2,4,big,low,unacc,4,59901
low,vhigh,2,4,big,med,acc,2,31809
low,vhigh,2,4,big,high,acc,4,58278
low,vhigh,2,more,small,low,unacc,4,42732
low,vhigh,2,more,small,med,unacc,4,42233
low,vhigh,2,more,small,high,unacc,1,47221
low,vhigh,2,more,med,low,unacc,1,64775
low,vhigh,2,more,med,med,unacc,1,29088
low,vhigh,2,more,med,high,acc,1,35103
low,vhigh,2,more,big,low,unacc,2,40395
low,vhigh,2,more,big,med,acc,3,54205
low,vhigh,2,more,big,high,acc,4,51277
low,vhigh,3,2,small,low,unacc,4,37117
low,vhigh,3,2,small,med,unacc,1,54808
low,vhigh,3,2,small,high,unacc,3,63436
low,vhigh,3,2,med,low,unacc,1,39459
low,vhigh,3,2,med,med,unacc,3,30178
low,vhigh,3,2,med,high,unacc,2,43469
low,vhigh,3,2,big,low,unacc,4,56454
low,vhigh,3,2,big,med,unacc,4,66217
low,vhigh,3,2,big,high,unacc,2,36878
low,vhigh,3,4,small,low,unacc,3,46869
low,vhigh,3,4,small,med,unacc,3,63681
low,vhigh,3,4,small,high,acc,3,20131
low,vhigh,3,4,med,low,unacc,4,31634
low,vhigh,3,4,med,med,unacc,3,42456
low,vhigh,3,4,med,high,acc,2,63584
low,vhigh,3,4,big,low,unacc,2,25400
low,vhigh,3,4,big,med,acc,1,31055
low,vhigh,3,4,big,high,acc,3,57644
low,vhigh,3,more,small,low,unacc,3,24129
low,vhigh,3,more,small,med,unacc,1,36934
low,vhigh,3,more,small,high,acc,2,54078
low,vhigh,3,more,med,low,unacc,3,45791
low,vhigh,3,more,med,med,acc,3,57362
low,vhigh,3,more,med,high,acc,4,47958
low,vhigh,3,more,big,low,unacc,4,33488
low,vhigh,3,more,big,med,acc,1,20736
low,vhigh,3,more,big,high,acc,3,58282
low,vhigh,4,2,small,low,unacc,4,46126
low,vhigh,4,2,small,med,unacc,3,56620
low,vhigh,4,2,small,high,unacc,3,50069
low,vhigh,4,2,med,low,unacc,1,55853
low,vhigh,4,2,med,med,unacc,2,28308
low,vhigh,4,2,med,high,unacc,4,37288
low,vhigh,4,2,big,low,unacc,4,64334
low,vhigh,4,2,big,med,unacc,3,22451
low,vhigh,4,2,big,high,unacc,3,30547
low,vhigh,4,4,small,low,unacc,4,51034
low,vhigh,4,4,small,med,unacc,3,62962
low,vhigh,4,4,small,high,acc,4,46175
low,vhigh,4,4,med,low,unacc,2,21408
low,vhigh,4,4,med,med,acc,3,41936
low,vhigh,4,4,med,high,acc,2,46059
low,vhigh,4,4,big,low,unacc,4,22307
low,vhigh,4,4,big,med,acc,1,27146
low,vhigh,4,4,big,high,acc,4,38655
low,vhigh,4,more,small,low,unacc,3,20244
low,vhigh,4,more,small,med,unacc,1,64158
low,vhigh,4,more,small,high,acc,4,63351
low,vhigh,4,more,med,low,unacc,1,57561
low,vhigh,4,more,med,med,acc,2,32251
low,vhigh,4,more,med,high,acc,3,57921
low,vhigh,4,more,big,low,unacc,3,22707
low,vhigh,4,more,big,med,acc,2,41230
low,vhigh,4,more,big,high,acc,1,52800
low,vhigh,5more,2,small,low,unacc,1,41616
low,vhigh,5more,2,small,med,unacc,3,29899
low,vhigh,5more,2,small,high,unacc,2,46279
low,vhigh,5more,2,med,low,unacc,2,42118
low,vhigh,5more,2,med,med,unacc,1,50013
low,vhigh,5more,2,med,high,unacc,1,30496
low,vhigh,5more,2,big,low,unacc,3,57431
low,vhigh,5more,2,big,med,unacc,3,27497
low,vhigh,5more,2,big,high,unacc,4,66715
low,vhigh,5more,4,small,low,unacc,3,61306
low,vhigh,5more,4,small,med,unacc,1,67553
low,vhigh,5more,4,small,high,acc,3,41167
low,vhigh,5more,4,med,low,unacc,1,55976
low,vhigh,5more,4,med,med,acc,1,60717
low,vhigh,5more,4,med,high,acc,3,37315
low,vhigh,5more,4,big,low,unacc,2,41857
low,vhigh,5more,4,big,med,acc,2,44554
low,vhigh,5more,4,big,high,acc,1,24608
low,vhigh,5more,more,small,low,unacc,2,48503
low,vhigh,5more,more,small,med,unacc,4,53841
low,vhigh,5more,more,small,high,acc,4,49390
low,vhigh,5more,more,med,low,unacc,1,42023
low,vhigh,5more,more,med,med,acc,4,64584
low,vhigh,5more,more,med,high,acc,4,67547
low,vhigh,5more,more,big,low,unacc,3,53010
low,vhigh,5more,more,big,med,acc,2,61170
low,vhigh,5more,more,big,high,acc,3,55059
low,high,2,2,small,low,unacc,2,33577
low,high,2,2,small,med,unacc,3,51954
low,high,2,2,small,high,unacc,4,33478
low,high,2,2,med,low,unacc,3,45960
low,high,2,2,med,med,unacc,4,41579
low,high,2,2,med,high,unacc,2,42119
low,high,2,2,big,low,unacc,2,21048
low,high,2,2,big,med,unacc,2,21875
low,high,2,2,big,high,unacc,1,59255
low,high,2,4,small,low,unacc,3,68297
low,high,2,4,small,med,acc,3,66798
low,high,2,4,small,high,acc,4,60738
low,high,2,4,med,low,unacc,2,45761
low,high,2,4,med,med,acc,3,66710
low,high,2,4,med,high,acc,2,30261
low,high,2,4,big,low,unacc,2,50064
low,high,2,4,big,med,acc,3,28004
low,high,2,4,big,high,vgood,1,66675
low,high,2,more,small,low,unacc,4,47156
low,high,2,more,small,med,unacc,3,58033
low,high,2,more,small,high,unacc,3,35391
low,high,2,more,med,low,unacc,3,56058
low,high,2,more,med,med,acc,2,65399
low,high,2,more,med,high,acc,2,38320
low,high,2,more,big,low,unacc,3,64664
low,high,2,more,big,med,acc,3,37565
low,high,2,more,big,high,vgood,3,52309
low,high,3,2,small,low,unacc,4,42827
low,high,3,2,small,med,unacc,2,37866
low,high,3,2,small,high,unacc,1,60992
low,high,3,2,med,low,unacc,4,42071
low,high,3,2,med,med,unacc,2,59192
low,high,3,2,med,high,unacc,1,47399
low,high,3,2,big,low,unacc,4,36982
low,high,3,2,big,med,unacc,1,59907
low,high,3,2,big,high,unacc,4,30358
low,high,3,4,small,low,unacc,3,48597
low,high,3,4,small,med,acc,4,61429
low,high,3,4,small,high,acc,4,65095
low,high,3,4,med,low,unacc,4,50636
low,high,3,4,med,med,acc,1,54590
low,high,3,4,med,high,acc,1,30588
low,high,3,4,big,low,unacc,2,34686
low,high,3,4,big,med,acc,1,57018
low,high,3,4,big,high,vgood,2,53004
low,high,3,more,small,low,unacc,3,38917
low,high,3,more,small,med,acc,3,50118
low,high,3,more,small,high,acc,1,37753
low,high,3,more,med,low,unacc,1,60184
low,high,3,more,med,med,acc,3,29081
low,high,3,more,med,high,vgood,4,33759
low,high,3,more,big,low,unacc,4,67739
low,high,3,more,big,med,acc,1,27465
low,high,3,more,big,high,vgood,2,38897
low,high,4,2,small,low,unacc,2,59136
low,high,4,2,small,med,unacc,2,53054
low,high,4,2,small,high,unacc,2,60441
low,high,4,2,med,low,unacc,4,55510
low,high,4,2,med,med,unacc,4,20361
low,high,4,2,med,high,unacc,1,34110
low,high,4,2,big,low,unacc,4,26793
low,high,4,2,big,med,unacc,3,44960
low,high,4,2,big,high,unacc,1,23552
low,high,4,4,small,low,unacc,4,53724
low,high,4,4,small,med,acc,3,22941
low,high,4,4,small,high,acc,1,68000
low,high,4,4,med,low,unacc,4,61033
low,high,4,4,med,med,acc,1,45292
low,high,4,4,med,high,vgood,4,65060
low,high,4,4,big,low,unacc,3,64187
low,high,4,4,big,med,acc,3,28397
low,high,4,4,big,high,vgood,1,62689
low,high,4,more,small,low,unacc,4,36861
low,high,4,more,small,med,acc,4,64005
low,high,4,more,small,high,acc,2,62752
low,high,4,more,med,low,unacc,3,34113
low,high,4,more,med,med,acc,1,21994
low,high,4,more,med,high,vgood,2,44249
low,high,4,more,big,low,unacc,2,20176
low,high,4,more,big,med,acc,1,32299
low,high,4,more,big,high,vgood,2,34871
low,high,5more,2,small,low,unacc,1,51621
low,high,5more,2,small,med,unacc,2,66586
low,high,5more,2,small,high,unacc,2,26007
low,high,5more,2,med,low,unacc,3,40383
low,high,5more,2,med,med,unacc,2,29217
low,high,5more,2,med,high,unacc,4,53685
low,high,5more,2,big,low,unacc,4,42550
low,high,5more,2,big,med,unacc,1,58639
low,high,5more,2,big,high,unacc,2,26446
low,high,5more,4,small,low,unacc,1,55951
low,high,5more,4,small,med,acc,1,62567
low,high,5more,4,small,high,acc,2,58314
low,high,5more,4,med,low,unacc,2,24826
low,high,5more,4,med,med,acc,4,42691
low,high,5more,4,med,high,vgood,4,28416
low,high,5more,4,big,low,unacc,1,21967
low,high,5more,4,big,med,acc,4,65309
low,high,5more,4,big,high,vgood,3,45305
low,high,5more,more,small,low,unacc,3,59116
low,high,5more,more,small,med,acc,2,60849
low,high,5more,more,small,high,acc,4,48378
low,high,5more,more,med,low,unacc,2,58524
low,high,5more,more,med,med,acc,1,27399
low,high,5more,more,med,high,vgood,2,37224
low,high,5more,more,big,low,unacc,3,21990
low,high,5more,more,big,med,acc,4,48152
low,high,5more,more,big,high,vgood,3,28063
low,med,2,2,small,low,unacc,4,54772
low,med,2,2,small,med,unacc,1,33974
low,med,2,2,small,high,unacc,2,24094
low,med,2,2,med,low,unacc,1,21586
low,med,2,2,med,med,unacc,2,38781
low,med,2,2,med,high,unacc,2,67451
low,med,2,2,big,low,unacc,4,27857
low,med,2,2,big,med,unacc,2,40371
low,med,2,2,big,high,unacc,1,42530
low,med,2,4,small,low,unacc,4,31745
low,med,2,4,small,med,acc,1,30663
low,med,2,4,small,high,good,4,26765
low,med,2,4,med,low,unacc,4,28515
low,med,2,4,med,med,acc,2,62835
low,med,2,4,med,high,good,2,53421
low,med,2,4,big,low,unacc,3,69092
low,med,2,4,big,med,good,1,27033
low,med,2,4,big,high,vgood,2,57404
low,med,2,more,small,low,unacc,1,27784
low,med,2,more,small,med,unacc,2,51734
low,med,2,more,small,high,unacc,2,57973
low,med,2,more,med,low,unacc,2,32480
low,med,2,more,med,med,acc,2,49601
low,med,2,more,med,high,good,1,62167
low,med,2,more,big,low,unacc,3,36982
low,med,2,more,big,med,good,1,42094
low,med,2,more,big,high,vgood,2,69280
low,med,3,2,small,low,unacc,1,30016
low,med,3,2,small,med,unacc,2,23389
low,med,3,2,small,high,unacc,2,35009
low,med,3,2,med,low,unacc,1,60464
low,med,3,2,med,med,unacc,4,58293
low,med,3,2,med,high,unacc,4,64337
low,med,3,2,big,low,unacc,1,53645
low,med,3,2,big,med,unacc,4,49012
low,med,3,2,big,high,unacc,2,21812
low,med,3,4,small,low,unacc,4,36532
low,med,3,4,small,med,acc,3,34574
low,med,3,4,small,high,good,1,49292
low,med,3,4,med,low,unacc,3,26773
low,med,3,4,med,med,acc,3,36414
low,med,3,4,med,high,good,2,69031
low,med,3,4,big,low,unacc,2,32787
low,med,3,4,big,med,good,2,59755
low,med,3,4,big,high,vgood,2,69236
low,med,3,more,small,low,unacc,3,51616
low,med,3,more,small,med,acc,3,43558
low,med,3,more,small,high,good,3,64168
low,med,3,more,med,low,unacc,1,26931
low,med,3,more,med,med,good,2,33773
low,med,3,more,med,high,vgood,2,30600
low,med,3,more,big,low,unacc,4,22201
low,med,3,more,big,med,good,3,27814
low,med,3,more,big,high,vgood,1,21280
low,med,4,2,small,low,unacc,3,38076
low,med,4,2,small,med,unacc,1,63122
low,med,4,2,small,high,unacc,4,66055
low,med,4,2,med,low,unacc,2,55643
low,med,4,2,med,med,unacc,3,62235
low,med,4,2,med,high,unacc,3,36192
low,med,4,2,big,low,unacc,1,32930
low,med,4,2,big,med,unacc,1,42244
low,med,4,2,big,high,unacc,2,30221
low,med,4,4,small,low,unacc,4,68962
low,med,4,4,small,med,acc,4,32853
low,med,4,4,small,high,good,3,20978
low,med,4,4,med,low,unacc,1,53143
low,med,4,4,med,med,good,3,63851
low,med,4,4,med,high,vgood,2,35225
low,med,4,4,big,low,unacc,2,27632
low,med,4,4,big,med,good,1,33771
low,med,4,4,big,high,vgood,4,25499
low,med,4,more,small,low,unacc,4,54104
low,med,4,more,small,med,acc,3,29970
low,med,4,more,small,high,good,3,53542
low,med,4,more,med,low,unacc,4,20678
low,med,4,more,med,med,good,2,30928
low,med,4,more,med,high,vgood,1,64631
low,med,4,more,big,low,unacc,4,38988
low,med,4,more,big,med,good,4,66005
low,med,4,more,big,high,vgood,4,67869
low,med,5more,2,small,low,unacc,4,69310
low,med,5more,2,small,med,unacc,2,60671
low,med,5more,2,small,high,unacc,4,50768
low,med,5more,2,med,low,unacc,1,20437
low,med,5more,2,med,med,unacc,1,31992
low,med,5more,2,med,high,unacc,2,44385
low,med,5more,2,big,low,unacc,1,46646
low,med,5more,2,big,med,unacc,4,69436
low,med,5more,2,big,high,unacc,2,23270
low,med,5more,4,small,low,unacc,1,51447
low,med,5more,4,small,med,acc,4,26668
low,med,5more,4,small,high,good,3,59311
low,med,5more,4,med,low,unacc,3,39161
low,med,5more,4,med,med,good,2,66120
low,med,5more,4,med,high,vgood,3,65219
low,med,5more,4,big,low,unacc,4,20731
low,med,5more,4,big,med,good,3,40311
low,med,5more,4,big,high,vgood,1,40274
low,med,5more,more,small,low,unacc,1,47421
low,med,5more,more,small,med,acc,4,34812
low,med,5more,more,small,high,good,1,21791
low,med,5more,more,med,low,unacc,2,36716
low,med,5more,more,med,med,good,1,43641
low,med,5more,more,med,high,vgood,1,42692
low,med,5more,more,big,low,unacc,1,50384
low,med,5more,more,big,med,good,4,51616
low,med,5more,more,big,high,vgood,3,25030
low,low,2,2,small,low,unacc,3,20190
low,low,2,2,small,med,unacc,3,35543
low,low,2,2,small,high,unacc,3,46583
low,low,2,2,med,low,unacc,3,29737
low,low,2,2,med,med,unacc,4,26930
low,low,2,2,med,high,unacc,2,66270
low,low,2,2,big,low,unacc,2,63974
low,low,2,2,big,med,unacc,3,62292
low,low,2,2,big,high,unacc,2,54365
low,low,2,4,small,low,unacc,3,61372
low,low,2,4,small,med,acc,2,27759
low,low,2,4,small,high,good,4,46965
low,low,2,4,med,low,unacc,1,60936
low,low,2,4,med,med,acc,3,30417
low,low,2,4,med,high,good,4,42085
low,low,2,4,big,low,unacc,2,22257
low,low,2,4,big,med,good,3,50035
low,low,2,4,big,high,vgood,1,51974
low,low,2,more,small,low,unacc,2,41115
low,low,2,more,small,med,unacc,2,56197
low,low,2,more,small,high,unacc,2,48021
low,low,2,more,med,low,unacc,4,36603
low,low,2,more,med,med,acc,4,37270
low,low,2,more,med,high,good,3,52074
low,low,2,more,big,low,unacc,3,21280
low,low,2,more,big,med,good,2,37255
low,low,2,more,big,high,vgood,3,28772
low,low,3,2,small,low,unacc,1,33414
low,low,3,2,small,med,unacc,4,36061
low,low,3,2,small,high,unacc,4,65765
low,low,3,2,med,low,unacc,1,35346
low,low,3,2,med,med,unacc,1,46248
low,low,3,2,med,high,unacc,2,55971
low,low,3,2,big,low,unacc,4,40325
low,low,3,2,big,med,unacc,2,34547
low,low,3,2,big,high,unacc,2,50072
low,low,3,4,small,low,unacc,4,66779
low,low,3,4,small,med,acc,1,69111
low,low,3,4,small,high,good,1,48449
low,low,3,4,med,low,unacc,2,39438
low,low,3,4,med,med,acc,3,64080
low,low,3,4,med,high,good,4,26701
low,low,3,4,big,low,unacc,4,24365
low,low,3,4,big,med,good,3,65839
low,low,3,4,big,high,vgood,4,29634
low,low,3,more,small,low,unacc,2,22375
low,low,3,more,small,med,acc,3,32330
low,low,3,more,small,high,good,3,31834
low,low,3,more,med,low,unacc,3,67435
low,low,3,more,med,med,good,3,49357
low,low,3,more,med,high,vgood,4,52771
low,low,3,more,big,low,unacc,2,62736
low,low,3,more,big,med,good,3,56458
low,low,3,more,big,high,vgood,1,50896
low,low,4,2,small,low,unacc,2,54321
low,low,4,2,small,med,unacc,1,24600
low,low,4,2,small,high,unacc,4,49444
low,low,4,2,med,low,unacc,1,55125
low,low,4,2,med,med,unacc,4,33728
low,low,4,2,med,high,unacc,1,35729
low,low,4,2,big,low,unacc,1,33150
low,low,4,2,big,med,unacc,1,45226
low,low,4,2,big,high,unacc,3,29233
low,low,4,4,small,low,unacc,3,47323
low,low,4,4,small,med,acc,2,27964
low,low,4,4,small,high,good,4,42534
low,low,4,4,med,low,unacc,4,22711
low,low,4,4,med,med,good,1,64897
low,low,4,4,med,high,vgood,4,55588
low,low,4,4,big,low,unacc,1,65265
low,low,4,4,big,med,good,3,35669
low,low,4,4,big,high,vgood,4,26802
low,low,4,more,small,low,unacc,2,60894
low,low,4,more,small,med,acc,1,67591
low,low,4,more,small,high,good,1,37060
low,low,4,more,med,low,unacc,3,60528
low,low,4,more,med,med,good,4,69105
low,low,4,more,med,high,vgood,2,53041
low,low,4,more,big,low,unacc,3,54480
low,low,4,more,big,med,good,2,29309
low,low,4,more,big,high,vgood,4,66641
low,low,5more,2,small,low,unacc,2,48410
low,low,5more,2,small,med,unacc,1,22671
low,low,5more,2,small,high,unacc,4,20258
low,low,5more,2,med,low,unacc,3,66506
low,low,5more,2,med,med,unacc,1,62065
low,low,5more,2,med,high,unacc,2,38113
low,low,5more,2,big,low,unacc,4,33390
low,low,5more,2,big,med,unacc,2,56729
low,low,5more,2,big,high,unacc,3,42059
low,low,5more,4,small,low,unacc,3,28871
low,low,5more,4,small,med,acc,4,35546
low,low,5more,4,small,high,good,4,29547
low,low,5more,4,med,low,unacc,3,48461
low,low,5more,4,med,med,good,1,22689
low,low,5more,4,med,high,vgood,3,52907
low,low,5more,4,big,low,unacc,1,58663
low,low,5more,4,big,med,good,4,56465
low,low,5more,4,big,high,vgood,4,67769
low,low,5more,more,small,low,unacc,3,65448
low,low,5more,more,small,med,acc,1,39111
low,low,5more,more,small,high,good,3,42099
low,low,5more,more,med,low,unacc,1,34034
low,low,5more,more,med,med,good,2,40197
low,low,5more,more,med,high,vgood,1,28715
low,low,5more,more,big,low,unacc,4,50743
low,low,5more,more,big,med,good,3,64562
low,low,5more,more,big,high,vgood,4,26674
